{"level":"TutorialScene","spawnPos":{"x":44.00160217285156,"y":-5.583000183105469},"deathCount":9,"timer":148.44961547851563}