{"level":"Level2","spawnPos":{"x":-9.499998092651368,"y":55.40999984741211},"deathCount":14,"timer":88.29708099365235}