{"level":"Level2","spawnPos":{"x":26.5,"y":6.409999847412109},"deathCount":6,"timer":56.03740310668945}