{"level":"Level2","spawnPos":{"x":26.5,"y":6.409999847412109},"deathCount":4,"timer":43.84904098510742}