{"level":"Level2","spawnPos":{"x":-9.499998092651368,"y":55.40999984741211},"deathCount":5,"timer":38.012088775634769}