{"level":"Level1","spawnPos":{"x":42.400001525878909,"y":-12.583999633789063},"deathCount":11,"timer":55.898414611816409}