{"level":"Level1","spawnPos":{"x":-12.998395919799805,"y":16.399999618530275},"deathCount":1,"timer":3.830759286880493}